<?xml version="1.0" encoding="UTF-8"?>
<!DOCTYPE mapper PUBLIC "-//mybatis.org//DTD Mapper 3.0//EN"
"http://mybatis.org/dtd/mybatis-3-mapper.dtd">

<!-- com.oracle.s202350101.뒤에 매핑하고 싶은 모델쓰면 됩니다 
	 mapper 여러개 쓰셔도 됩니다. -->
	 
	 
<mapper namespace="com.oracle.s202350101.PrjBdDataMapper">
	
	<!-- 총 문서수 -->
	<select id="jmhPrjBdDataListTotalCount" parameterType="PrjBdData" resultType="int">
		SELECT Count(*) 
		FROM PRJ_BD_DATA 
		WHERE  project_id = #{project_id}
	</select>

	<!-- 알림 문서수 -->
	<select id="jmhPrjBdDataListAlarmCount" parameterType="PrjBdData" resultType="int">
		SELECT Count(*) 
		FROM   PRJ_BD_DATA 
		WHERE  project_id = #{project_id} 
		AND    doc_group = #{doc_group}
	</select>

	<!-- 검색 문서수 -->
	<select id="jmhPrjBdDataListSearchCount" parameterType="PrjBdData" resultType="int">
		SELECT Count(*)
		FROM (
			SELECT p.*, u.user_name, 
					(SELECT cate_name 
					 FROM CODE 
					 WHERE UPPER(table_name)='PRJ_BD_DATA' 
					 AND UPPER(field_name)='BD_CATEGORY' 
					 AND cate_code=p.bd_category) bd_category_name, 
					(SELECT Count(*) FROM BD_DATA_COMT WHERE doc_no=p.doc_no AND project_id=p.project_id) comment_count
			FROM PRJ_BD_DATA p, USER_INFO u 
			WHERE p.user_id = u.user_id			
			ORDER BY doc_group DESC, doc_step
		)
		WHERE project_id = #{project_id} 
		AND 
		<choose>
			<when test="search == 's_subject'">
				 subject like '%' || #{keyword} || '%'
			</when>
			<when test="search == 's_user_name'">
				 user_name like '%' || #{keyword} || '%'
			</when>
			<when test="search == 's_category'">
				 bd_category_name like '%' || #{keyword} || '%'
			</when>
			<otherwise>
				 doc_body like '%' || #{keyword} || '%'
			</otherwise>
		</choose>
	</select>
	
	<!-- 문서 목록 -->
	<select id="jmhPrjBdDataList" parameterType="PrjBdData" resultType="PrjBdData">
		SELECT *
		FROM
		(
			SELECT rownum rn, a.*
			FROM
					( SELECT p.*, u.user_name, 
							(SELECT cate_name 
							 FROM CODE 
							 WHERE UPPER(table_name)='PRJ_BD_DATA' 
							 AND UPPER(field_name)='BD_CATEGORY' 
							 AND cate_code=p.bd_category) bd_category_name,
							(SELECT Count(*) FROM BD_DATA_COMT WHERE doc_no=p.doc_no AND project_id=p.project_id) comment_count
					  FROM PRJ_BD_DATA p, USER_INFO u 
					  WHERE p.user_id = u.user_id 
					  AND p.project_id = #{project_id} 
					  ORDER BY doc_group DESC, doc_step) a
		)
		WHERE rn BETWEEN #{start} AND #{end}
	</select>
	
	<!-- 알림 문서 목록 -->
	<select id="jmhPrjBdDataAlarmList" parameterType="PrjBdData" resultType="PrjBdData">
		SELECT *
		FROM
		(
			SELECT rownum rn, a.*
			FROM
					( SELECT p.*, u.user_name, 
							(SELECT cate_name 
							 FROM CODE 
							 WHERE UPPER(table_name)='PRJ_BD_DATA' 
							 AND UPPER(field_name)='BD_CATEGORY' 
							 AND cate_code=p.bd_category) bd_category_name, 
							(SELECT Count(*) FROM BD_DATA_COMT WHERE doc_no=p.doc_no AND project_id=p.project_id) comment_count
					  FROM PRJ_BD_DATA p, USER_INFO u 
					  WHERE p.user_id = u.user_id 
					  AND p.project_id = #{project_id} 
					  AND p.doc_group = #{doc_group}
					  ORDER BY doc_group DESC, doc_step) a
		)
		WHERE rn BETWEEN #{start} AND #{end}
	</select>

	<!-- 검색 목록 -->
	<select id="jmhPrjBdDataSearchList" parameterType="PrjBdData" resultType="PrjBdData">
		SELECT *
		FROM
		(
			SELECT rownum rn, a.*
			FROM
					( SELECT p.*, u.user_name, 
							(SELECT cate_name 
							 FROM CODE 
							 WHERE UPPER(table_name)='PRJ_BD_DATA' 
							 AND UPPER(field_name)='BD_CATEGORY' 
							 AND cate_code=p.bd_category) bd_category_name, 
							(SELECT Count(*) FROM BD_DATA_COMT WHERE doc_no=p.doc_no AND project_id=p.project_id) comment_count
					  FROM PRJ_BD_DATA p, USER_INFO u 
					  WHERE p.user_id = u.user_id 
					  ORDER BY doc_group DESC, doc_step) a
			WHERE
			a.project_id = #{project_id} 
			AND 
			<choose>
				<when test="search == 's_subject'">
					 a.subject like '%' || #{keyword} || '%'
				</when>
				<when test="search == 's_user_name'">
					 a.user_name like '%' || #{keyword} || '%'
				</when>
				<when test="search == 's_category'">
					 a.bd_category_name like '%' || #{keyword} || '%'
				</when>
				<otherwise>
					 a.doc_body like '%' || #{keyword} || '%'
				</otherwise>
			</choose>
		)
		WHERE rn BETWEEN #{start} AND #{end}
		
	</select>
	
	<!-- 분류 -->
	<select id="jmhPrjBdDataCodeList" parameterType="Code" resultType="Code">
		SELECT * 
		FROM CODE 
		WHERE UPPER(table_name)=#{table_name} AND UPPER(field_name)=#{field_name}
	</select>
	
	<!-- 문서 등록 -->
	<insert id="jmhPrjBdDataInsertBoard" parameterType="PrjBdData">
		<selectKey resultType="int" keyProperty="doc_no" order="BEFORE">
        	SELECT NVL(MAX(doc_no),0)+1 FROM PRJ_BD_DATA WHERE project_id=#{project_id}
    	</selectKey>
		INSERT INTO 
			PRJ_BD_DATA(
				DOC_NO, 
				PROJECT_ID, APP_ID, USER_ID,
				CREATE_DATE, 
				SUBJECT, NOTIFY_FLAG, BD_CATEGORY,
				DOC_BODY, 
				ATTACH_NAME, ATTACH_PATH,
				BD_COUNT, GOOD_COUNT,
				DOC_GROUP, DOC_STEP, DOC_INDENT,
				ALARM_FLAG,
				PARENT_DOC_USER_ID, 
				PARENT_DOC_NO
			) 				
			VALUES(
				#{doc_no}, 
				#{project_id}, #{app_id}, #{user_id},
				#{create_date}, 
				#{subject}, #{notify_flag}, #{bd_category},
				#{doc_body},
				#{attach_name}, #{attach_path},
				#{bd_count}, #{good_count},
				<choose>
					<when test="parent_doc_user_id != ''">#{doc_group}</when>
					<otherwise>#{doc_no}</otherwise>
				</choose>, 
				#{doc_step}, #{doc_indent},
				#{alarm_flag},
				#{parent_doc_user_id}, 
				<choose>
					<when test="parent_doc_user_id != ''">#{parent_doc_no}</when>
					<otherwise>null</otherwise>
				</choose>
			)	
	</insert>
	
	<!-- 문서 조회 -->
	<select id="jmhPrjBdDataSelectBoard" parameterType="PrjBdData" resultType="PrjBdData">
		SELECT 	p.*, u.user_name, 
			(SELECT cate_name FROM CODE WHERE table_name='PRJ_BD_DATA' AND field_name='BD_CATEGORY' AND cate_code=p.bd_category) bd_category_name ,
			(SELECT subject FROM PRJ_BD_DATA WHERE doc_no=p.parent_doc_no AND project_id=p.project_id) parent_doc_subject
		FROM PRJ_BD_DATA p, USER_INFO u
		WHERE p.user_id = u.user_id 
		AND p.doc_no=#{doc_no} AND p.project_id=#{project_id}
	</select>
	
	<!-- 문서 수정 -->
	<update id="jmhPrjBdDataUpdateBoard" parameterType="PrjBdData">
		UPDATE PRJ_BD_DATA 
		SET 
			MODIFY_DATE	= sysdate,
			SUBJECT		= #{subject},
			NOTIFY_FLAG	= #{notify_flag},
			BD_CATEGORY	= #{bd_category},
			DOC_BODY	= #{doc_body},
			ATTACH_NAME	= #{attach_name}, 
			ATTACH_PATH	= #{attach_path}
		WHERE DOC_NO=#{doc_no} AND PROJECT_ID=#{project_id}
	</update>
	
	<!-- 문서 삭제 -->
	<delete id="jmhPrjBdDataDeleteBoard" parameterType="PrjBdData">
		DELETE PRJ_BD_DATA 
		WHERE DOC_NO=#{doc_no} AND PROJECT_ID=#{project_id}
	</delete>
	
	<!-- 조회수 증가 -->
	<update id="jmhPrjBdDataReadCount" parameterType="PrjBdData">
		UPDATE PRJ_BD_DATA 
		SET    BD_COUNT=BD_COUNT+1
		WHERE  DOC_NO=#{doc_no} AND PROJECT_ID=#{project_id}
	</update>
	
	<!-- 추천수 업데이트 -->
	<update id="jmhPrjBdDataUpdateGoodCount" parameterType="PrjBdData">
		UPDATE PRJ_BD_DATA 
		SET    GOOD_COUNT=(SELECT COUNT(*) FROM BD_DATA_GOOD WHERE doc_no=#{doc_no} AND project_id=#{project_id}) 
		WHERE  DOC_NO=#{doc_no} AND PROJECT_ID=#{project_id}
	</update>
	
	<!-- 추천여부 확인-->
	<select id="jmhPrjBdDataCheckGoodList" parameterType="BdDataGood" resultType="BdDataGood">
		SELECT * 
		FROM BD_DATA_GOOD 
		WHERE doc_no=#{doc_no} AND project_id=#{project_id} AND user_id=#{user_id}
	</select>

	<!-- 추천목록에 추가-->
	<insert id="jmhPrjBdDataInsertGoodList" parameterType="BdDataGood">
		INSERT INTO 
			BD_DATA_GOOD(doc_no, project_id, user_id) 
			VALUES(#{doc_no}, #{project_id}, #{user_id})
	</insert>

	<!-- 추천자 목록 조회 -->
	<select id="jmhPrjBdDataSelectGoodList" parameterType="BdDataGood" resultType="BdDataGood">
		SELECT g.*, u.user_name user_name 
		FROM BD_DATA_GOOD g, USER_INFO u 
		WHERE g.user_id = u.user_id 
		AND g.doc_no=#{doc_no} AND g.project_id=#{project_id}
	</select>
	
	<!-- 답글 순서 조절 -->
	<update id="jmhUpdateOtherReply" parameterType="PrjBdData">
		UPDATE PRJ_BD_DATA 
		SET doc_step=doc_step+1 
		WHERE doc_group=#{doc_group} AND doc_step > #{doc_step}
	</update>
	
	<!-- 댓글 등록 -->
	<insert id="jmhPrjBdDataInsertComment" parameterType="BdDataComt">
		<selectKey resultType="int" keyProperty="comment_doc_no" order="BEFORE">
        	SELECT NVL(MAX(comment_doc_no),0)+1 FROM BD_DATA_COMT WHERE project_id=#{project_id}
    	</selectKey>
		INSERT INTO 
			BD_DATA_COMT(doc_no, project_id, comment_doc_no, user_id, create_date, comment_context, alarm_flag) 
			VALUES(#{doc_no}, #{project_id}, #{comment_doc_no}, #{user_id}, sysdate, #{comment_context}, #{alarm_flag})
	</insert>

	<!-- 댓글 목록 조회 -->
	<select id="jmhPrjBdDataSelectCommentList" parameterType="BdDataComt" resultType="BdDataComt">
		SELECT c.*, u.user_name user_name 
		FROM BD_DATA_COMT c, USER_INFO u 
		WHERE c.user_id = u.user_id 
		AND c.doc_no=#{doc_no} AND c.project_id=#{project_id} 
		ORDER BY c.create_date DESC
	</select>

	<!-- 댓글 삭제 -->
	<delete id="jmhPrjBdDataDeleteComment" parameterType="BdDataComt">
		DELETE BD_DATA_COMT 
		WHERE DOC_NO=#{doc_no} AND PROJECT_ID=#{project_id} AND COMMENT_DOC_NO=#{comment_doc_no}
	</delete>
	
	<!-- 답글 알림플래그 Y처리 -->
	<update id="jmhPrjBdDataUpdateReplyAlarmFlag" parameterType="PrjBdData">
		UPDATE PRJ_BD_DATA 
		SET ALARM_FLAG='Y' 
		WHERE DOC_NO=#{doc_no} AND PROJECT_ID=#{project_id}
	</update>

	<!-- 댓글 알림플래그 Y처리 -->
	<update id="jmhPrjBdDataUpdateCommentAlarmFlag" parameterType="PrjBdData">
		UPDATE BD_DATA_COMT 
		SET ALARM_FLAG='Y' 
		WHERE DOC_NO=#{doc_no} AND PROJECT_ID=#{project_id}
	</update>

</mapper>