<?xml version="1.0" encoding="UTF-8"?>
<!DOCTYPE mapper PUBLIC "-//mybatis.org//DTD Mapper 3.0//EN"
"http://mybatis.org/dtd/mybatis-3-mapper.dtd">

<!-- com.oracle.s202350101.뒤에 매핑하고 싶은 모델쓰면 됩니다 
	 mapper 여러개 쓰셔도 됩니다. -->
	 
	 
<mapper namespace="com.oracle.s202350101.BdQnaMapper">
	<!-- user_id에 해당하는 내가 쓴 게시물 -->
	<select id="QnaListSelect" parameterType="UserInfo" resultType="BdQna">
		Select a.app_id, a.app_name, b.subject, b.user_id, b.doc_no,
			   b.create_date, b.bd_count, b.good_count
		From   bd_qna b, app_info a
		Where  a.app_id = b.app_id
		And    user_id = #{user_id}
	</select>
	
	<!-- user_id에 해당하는 내가 쓴 게시글 count -->
	<select id="totalQnaCount" parameterType="UserInfo" resultType="int">
		select count(*) 
		from   bd_qna 
		where  user_id = #{user_id}
	</select>
	
	<!-- user_id에 해당하는 총 count -->
	<select id="totalBDListCount" parameterType="UserInfo" resultType="int">
		Select 
		    (select count(*) from bd_qna      where user_id = #{user_id}) +
		    (select count(*) from bd_free     where user_id = #{user_id}) +
		    (select count(*) from prj_bd_rep  where user_id = #{user_id}) +
		    (select count(*) from prj_bd_data where user_id = #{user_id}) 
		From DUAL
	</select>
	
	<!-- 내가 추천한 게시글 -->
	<select id="qnaGoodSelect" parameterType="UserInfo" resultType="BdQna">
		Select s.user_id, a.app_name, m.doc_no, m.app_id, m.subject, m.create_date, m.bd_count, m.good_count
		From   bd_qna m, bd_qna_good s, app_info a
		Where  m.doc_no = s.doc_no
		And    m.app_id = a.app_id
		And    s.user_id = #{user_id}
	</select>

	
</mapper>

