<?xml version="1.0" encoding="UTF-8"?>
<!DOCTYPE mapper PUBLIC "-//mybatis.org//DTD Mapper 3.0//EN"
"http://mybatis.org/dtd/mybatis-3-mapper.dtd">

<!-- com.oracle.s202350101.뒤에 매핑하고 싶은 모델쓰면 됩니다 
	 mapper 여러개 쓰셔도 됩니다. -->
	 
	 
<mapper namespace="com.oracle.s202350101.PrjBdDataMapper">
	<!-- user_id에 해당하는 게시물 -->
	<select id="DataListSelect" parameterType="UserInfo" resultType="PrjBdData">
		Select a.app_id, a.app_name, p.subject, p.user_id, 
			   p.create_date, p.bd_count, p.good_count
		From   prj_bd_data p, app_info a
		Where  a.app_id = p.app_id
		And    user_id = #{user_id}
	</select>
	
	<!-- user_id에 해당하는 count -->
	<select id="totalDtPjCount" parameterType="UserInfo" resultType="int">
		Select count(*) 
		From   PRJ_BD_DATA
		Where  user_id = #{user_id}
	</select>
	
	<!-- 내가 추천한 게시글 -->
	<select id="prjDataGoodSelect" parameterType="UserInfo" resultType="PrjBdData">
		Select s.user_id, a.app_name, m.doc_no, m.app_id, m.subject, m.create_date, m.bd_count, m.good_count
		From   prj_bd_data m, bd_data_good s, app_info a
		Where  m.doc_no = s.doc_no
		And    m.app_id = a.app_id
		And    s.user_id = #{user_id}
	</select>
	
	<!-- PrjBdDataComt -->
	<select id="mkhDataComt" parameterType="UserInfo" resultType="BdDataComt">
		Select 	info.app_name, pdata.doc_no, comt.user_id , comt.comment_context, comt.comment_doc_no, comt.create_date
		From 	app_info info, prj_bd_data pdata, bd_data_comt comt
		Where 	info.app_id = pdata.app_id
		And 	pdata.doc_no = comt.doc_no
		And 	comt.user_id = #{user_id}
	</select>

	
</mapper>

