<?xml version="1.0" encoding="UTF-8"?>
<!DOCTYPE mapper PUBLIC "-//mybatis.org//DTD Mapper 3.0//EN"
"http://mybatis.org/dtd/mybatis-3-mapper.dtd">

<!-- com.oracle.s202350101.뒤에 매핑하고 싶은 모델쓰면 됩니다 
	 mapper 여러개 쓰셔도 됩니다. -->
	 
	 
<mapper namespace="com.oracle.s202350101.BdFreeMapper">
	<!-- user_id에 해당하는 게시물 -->
	<select id="FreeListSelect" parameterType="UserInfo" resultType="BdFree">
		Select a.app_id, a.app_name, b.subject, b.user_id, 
			   b.create_date, b.bd_count, b.good_count
		From   bd_free b, app_info a
		Where  a.app_id = b.app_id
		And    user_id = #{user_id}
	</select>
	
	<!-- user_id에 해당하는 count -->
	<select id="totalFreeCount" parameterType="UserInfo" resultType="int">
		Select count(*) 
		From   bd_free
		Where  user_id = #{user_id}
	</select>
	
	<!-- 내가 추천한 게시글 -->
	<select id="freeGoodSelect" parameterType="UserInfo" resultType="BdFree">
		Select s.user_id, a.app_name, m.*
		From   bd_free m, bd_free_good s, app_info a
		Where  m.doc_no = s.doc_no
		And    m.app_id = a.app_id
		And    s.user_id = #{user_id}

	</select>
	
	<!-- BdFreeComt -->
	<select id="mkhFreeComt" parameterType="UserInfo" resultType="BdFreeComt">
		Select 	info.app_name, free.doc_no, comt.comment_context, comt.comment_doc_no, comt.create_date
		From 	app_info info, bd_free free, bd_free_comt comt
		Where 	info.app_id = free.app_id
		And 	free.doc_no = comt.doc_no
		And 	comt.user_id = #{user_id}
	</select>

</mapper>
