<?xml version="1.0" encoding="UTF-8"?>
<!DOCTYPE mapper PUBLIC "-//mybatis.org//DTD Mapper 3.0//EN"
"http://mybatis.org/dtd/mybatis-3-mapper.dtd">

<!-- com.oracle.s202350101.뒤에 매핑하고 싶은 모델쓰면 됩니다 
	 mapper 여러개 쓰셔도 됩니다. -->


<mapper namespace="com.oracle.s202350101.PrjBdDataMapper">
	<!-- PrjBdData -->
	<select id="prjBdDataTotal" resultType="int">
		SELECT Count(*) FROM PRJ_BD_DATA
	</select>
<!--pbd 게시글 페이징 조회-->
	<select id="findByPage" parameterType="PrjBdData" resultType="PrjBdData">
		SELECT *
		FROM
			(
				SELECT rownum rn, a.*
				FROM
					( SELECT p.*, u.user_name, u.class_id,
							 (SELECT cate_name
							  FROM CODE
							  WHERE UPPER(table_name)='PRJ_BD_DATA'
								AND UPPER(field_name)='BD_CATEGORY'
								AND cate_code=p.bd_category) bd_category_name
					  FROM PRJ_BD_DATA p, USER_INFO u
					  WHERE p.user_id = u.user_id
					  and p.project_id = #{project_id} and u.class_id = #{class_id}
					  ORDER BY doc_group DESC, doc_step) a
			)
		WHERE rn BETWEEN #{start} AND #{end}

	</select>
<!--강의실, 프로젝트 별 모든 prj_bd_data-->
	<select id="findByClassProjectId" parameterType="PrjBdData" resultType="PrjBdData">
		SELECT *
		FROM
			( SELECT p.*, u.user_name, u.class_id,
					 (SELECT cate_name
					  FROM CODE
					  WHERE UPPER(table_name)='PRJ_BD_DATA'
						AND UPPER(field_name)='BD_CATEGORY'
						AND cate_code=p.bd_category) bd_category_name
			  FROM PRJ_BD_DATA p, USER_INFO u
			  WHERE p.user_id = u.user_id
				and p.project_id = #{project_id} and u.class_id = #{class_id}
			  ORDER BY doc_group DESC, doc_step) a
	</select>
<!-- 문서 삭제 -->
	<delete id="delPrjBdData" parameterType="PrjBdData">
		DELETE FROM PRJ_BD_DATA
		WHERE		doc_no = #{doc_no}
				and
					project_id = #{project_id}
	</delete>
	<!--게시글 id로 삭제-->
	<delete id="del_bdpg" parameterType="PrjBdData">
		DELETE FROM BD_DATA_GOOD
		WHERE		doc_no = #{doc_no}
				and
					project_id = #{project_id}
	</delete>
	<!--게시글 id로 삭제-->
	<delete id="del_bdpc" parameterType="PrjBdData">
		DELETE FROM BD_DATA_COMT
		WHERE		doc_no = #{doc_no}
			  and
					project_id = #{project_id}
	</delete>








</mapper>
	 
