<?xml version="1.0" encoding="UTF-8"?>
<!DOCTYPE mapper PUBLIC "-//mybatis.org//DTD Mapper 3.0//EN"
        "http://mybatis.org/dtd/mybatis-3-mapper.dtd">

<!-- com.oracle.s202350101.뒤에 매핑하고 싶은 모델쓰면 됩니다
	 mapper 여러개 쓰셔도 됩니다. -->


<mapper namespace="com.oracle.s202350101.ChatMsgMapper">
    <!-- ChatMsg -->

<!--모든 메시지 조회-->
    <select id="findAll" resultType="ChatMsg">
        select *
        from chat_msg
    </select>
<!--특정 채팅방 내 모든 메시지 조회-->
    <select id="findByRoomId" parameterType="ChatRoom" resultType="ChatMsg">
        select *
        from chat_msg
        where chat_room_id = #{chat_room_id}
        order by msg_id
    </select>
<!--메시지 저장-->
    <insert id="saveMsg" parameterType="ChatMsg" keyProperty="msg_id">
        insert into chat_msg
        values (#{chat_room_id},
                #{msg_id},
                #{sender_id}, #{msg_con},
                sysdate, #{read_chk})

    </insert>
<!--채팅방 내 총 메시지 개수-->
    <select id="cntMsg" resultType="int">
        select count(*)
        from chat_msg
        where chat_room_id = #{chat_room_id}
    </select>
<!--채팅방, 메시지 id기준 메시지 조회-->
    <select id="findbyCMid" parameterType="ChatMsg" resultType="ChatMsg">
        select * from chat_msg where chat_room_id = #{chat_room_id} and msg_id = #{msg_id}
    </select>
<!--상대방 메시지 읽음처리-->
    <!--chat_room_id : 현재 채팅방 id-->
    <!--receiver_id : 상대 id-->
    <update id="updateRead" parameterType="ChatRoom">
        update chat_msg set read_chk = 'Y' where chat_room_id = #{chat_room_id} and sender_id = #{receiver_id}
    </update>
<!--사용자 별 읽지 않은 메시지 조회-->
    <select id="findbyUserIdNoRead" parameterType="ChatRoom" resultType="ChatMsg">
        select cr.chat_room_id, cr.sender_id, msg_con, send_time, read_chk
        from(
                select * from chat_room
                where sender_id = #{sender_id}
                union
                select * from chat_room
                where receiver_id = #{sender_id}
            ) cr join chat_msg cm
                      on cr.chat_room_id = cm.chat_room_id
        where not cm.sender_id = #{sender_id} and read_chk='N'
    </select>

<!--해당 채팅방의 내가 읽지 않은 메세지 수-->
    <select id="findbyRoomIdNoRead" parameterType="ChatRoom" resultType="ChatMsg">
        select *
        from chat_msg
        where not sender_id=#{sender_id} and chat_room_id=#{chat_room_id} and read_chk='N';
    </select>


<!--나와 연관된 모든 메시지-->
    <select id="findMyAllMessage" parameterType="ChatRoom" resultType="ChatMsg">
        select cr.*, msg_id,cm.msg_con, send_time,read_chk, cm.sender_id msgsender
        from(
        select * from chat_room
        where sender_id = #{sender_id}
        union
        select * from chat_room
        where receiver_id = #{sender_id}
            ) cr join chat_msg cm
        on cr.chat_room_id = cm.chat_room_id
    </select>

</mapper>

